-- Seed inicial para impresión 3D
-- Requisitos: PostgreSQL, base de datos definida en .env (impresion3d)
-- Este script inserta datos mínimos para claves foráneas y genera ~50 clientes y ~200 ventas.
-- Seguro de re-ejecutar: usa ON CONFLICT (id) DO NOTHING para tablas maestras; clientes/ventas se insertan cada vez.

-- Asegurar codificación por uso de identificador "seña"
INSERT INTO estado_venta (id, valor) VALUES
  (1, 'Pendiente'),
  (2, 'En Proceso'),
  (3, 'Producto Listo'),
  (4, 'Finalizada'),
  (5, 'Cancelada');

INSERT INTO tipo_cliente (id, nombre) VALUES
  (1, 'Particular'),
  (2, 'Empresa'),
  (3, 'Revendedor');

INSERT INTO red_social (id, nombre) VALUES
  (1, 'Instagram'),
  (2, 'Facebook'),
  (3, 'WhatsApp'),
  (4, 'TikTok');

INSERT INTO empresa_envio (id, nombre) VALUES
  (1, 'Correo Argentino'),
  (2, 'Andreani'),
  (3, 'OCA');

INSERT INTO tipo_envio (id, nombre) VALUES
  (1, 'Retiro en local'),
  (2, 'Domicilio'),
  (3, 'Punto PickUp');

INSERT INTO tipo_insumo (id, nombre) VALUES
  (1, 'PLA'),
  (2, 'ABS'),
  (3, 'PETG'),
  (4, 'Resina');

INSERT INTO tipo_producto (id, nombre, descripcion) VALUES
  (1, 'Decoración', 'Objetos decorativos y figuras'),
  (2, 'Accesorio', 'Accesorios y repuestos prácticos'),
  (3, 'Hogar', 'Artículos para el hogar'),
  (4, 'Prototipo', 'Piezas de prototipado');

INSERT INTO archivo (id, nombre_usuario, nombre_servidor, ruta_archivo, tipo_contenido, tamano) VALUES
  (1, 'logo-boca.stl', 'logo-boca-1.stl', 'uploads/logo boca.stl', 'model/stl', 102400),
  (2, 'mate-boca.stl', 'mate-boca-1.stl', 'uploads/mate boca separado.stl', 'model/stl', 204800),
  (3, 'soporte-celular.stl', 'soporte-cel-1.stl', 'uploads/soporte-celular.stl', 'model/stl', 153600),
  (4, 'maceta-baja.stl', 'maceta-baja-1.stl', 'uploads/maceta-baja.stl', 'model/stl', 130000),
  (5, 'organizador.stl', 'organizador-1.stl', 'uploads/organizador.stl', 'model/stl', 120000),
  (6, 'engrane.stl', 'engrane-1.stl', 'uploads/engrane.stl', 'model/stl', 125000),
  (7, 'llavero.stl', 'llavero-1.stl', 'uploads/llavero.stl', 'model/stl', 80000),
  (8, 'caja.stl', 'caja-1.stl', 'uploads/caja.stl', 'model/stl', 160000),
  (9, 'clip.stl', 'clip-1.stl', 'uploads/clip.stl', 'model/stl', 70000),
  (10, 'tapon.stl', 'tapon-1.stl', 'uploads/tapon.stl', 'model/stl', 60000);

INSERT INTO insumo (id, tipo_insumo_id, nombre, precio_unitario) VALUES
  (1, 1, 'PLA Negro', 3500),
  (2, 1, 'PLA Blanco', 3500),
  (3, 1, 'PLA Rojo', 3600),
  (4, 2, 'ABS Negro', 4000),
  (5, 2, 'ABS Gris', 4100),
  (6, 3, 'PETG Transparente', 4500),
  (7, 3, 'PETG Azul', 4550),
  (8, 4, 'Resina Gris', 9000),
  (9, 4, 'Resina Transparente', 9500),
  (10, 1, 'PLA Azul', 3550),
  (11, 1, 'PLA Verde', 3550),
  (12, 2, 'ABS Rojo', 4200);

INSERT INTO insumo_stock (id, cantidad, color, insumo_id) VALUES
  (1, 120, 'Negro', 1),
  (2, 100, 'Blanco', 2),
  (3, 80, 'Rojo', 3),
  (4, 60, 'Negro', 4),
  (5, 70, 'Gris', 5),
  (6, 90, 'Transparente', 6),
  (7, 75, 'Azul', 7),
  (8, 50, 'Gris', 8),
  (9, 45, 'Transparente', 9),
  (10, 110, 'Azul', 10),
  (11, 95, 'Verde', 11),
  (12, 65, 'Rojo', 12);

INSERT INTO producto (id, tipo_producto, nombre, descripcion, horas_impresion, peso, "precioPublicado", "esActivo") VALUES
  (1, 1, 'Figura Boca Juniors', 'Logo impreso en 3D', 6, 120, 5000, true),
  (2, 1, 'Mate Boca', 'Mate con logo', 8, 150, 8500, true),
  (3, 2, 'Soporte Celular', 'Soporte universal', 3, 60, 3000, true),
  (4, 3, 'Maceta Baja', 'Maceta decorativa', 5, 140, 4500, true),
  (5, 2, 'Organizador Cables', 'Organizador simple', 2, 50, 2000, true),
  (6, 4, 'Engrane Muestra', 'Prototipo engrane', 4, 80, 3800, true),
  (7, 2, 'Llavero', 'Llavero personalizado', 1, 20, 800, true),
  (8, 3, 'Caja Pequeña', 'Caja con tapa', 4, 100, 3500, true),
  (9, 2, 'Clip Bolsas', 'Clip para bolsas', 1, 15, 600, true),
  (10, 3, 'Tapón Universal', 'Tapón multiuso', 2, 30, 900, true),
  (11, 1, 'Figura Star', 'Figura decorativa', 7, 130, 5200, true),
  (12, 2, 'Soporte Auriculares', 'Soporte de mesa', 3, 70, 3200, true),
  (13, 3, 'Porta Lápices', 'Organizador escritorio', 2, 80, 1800, true),
  (14, 4, 'Carcasa Prototipo', 'Carcasa de prueba', 6, 160, 6200, true),
  (15, 3, 'Organizador Tornillos', 'Múltiples compartimentos', 4, 120, 4300, true),
  (16, 2, 'Soporte GoPro', 'Soporte para cámara', 3, 60, 2900, true),
  (17, 1, 'Miniatura Auto', 'Figura de auto', 5, 110, 4700, true),
  (18, 2, 'Gancho Pared', 'Gancho resistente', 2, 40, 1200, true),
  (19, 3, 'Posavasos', 'Set de posavasos', 1, 25, 700, true),
  (20, 4, 'Tapa Prototipo', 'Tapa de prueba', 3, 90, 2600, true);

INSERT INTO producto_insumo ("productoId", "insumoId") VALUES
  (1, 1), (1, 2),
  (2, 1), (2, 3),
  (3, 10),
  (4, 2), (4, 11),
  (5, 1),
  (6, 4),
  (7, 3),
  (8, 10), (8, 11),
  (9, 1),
  (10, 2),
  (11, 1), (11, 3),
  (12, 10),
  (13, 11),
  (14, 4), (14, 5),
  (15, 2),
  (16, 7),
  (17, 1),
  (18, 6),
  (19, 1),
  (20, 5);

INSERT INTO producto_archivo ("productoId", "archivoId") VALUES
  (1, 1), (1, 2),
  (2, 2),
  (3, 3),
  (4, 4),
  (5, 5),
  (6, 6),
  (7, 7),
  (8, 8),
  (9, 9),
  (10, 10),
  (11, 3),
  (12, 5),
  (13, 8),
  (14, 6),
  (15, 4),
  (16, 7),
  (17, 1),
  (18, 9),
  (19, 10),
  (20, 2);


INSERT INTO cliente (id, tipo_cliente, nombre, apellido, telefono, red_social, nombre_usuario_red_social, correo_electronico, fecha_alta) VALUES
  (1, 1, 'Cliente1', 'Demo1', '1110000001', 1, 'user1', 'cliente1@example.com', '2025-01-05'),
  (2, 2, 'Cliente2', 'Demo2', '1110000002', 2, 'user2', 'cliente2@example.com', '2025-01-06'),
  (3, 3, 'Cliente3', 'Demo3', '1110000003', 3, 'user3', 'cliente3@example.com', '2025-01-07'),
  (4, 1, 'Cliente4', 'Demo4', '1110000004', 4, 'user4', 'cliente4@example.com', '2025-01-08'),
  (5, 2, 'Cliente5', 'Demo5', '1110000005', 1, 'user5', 'cliente5@example.com', '2025-01-09'),
  (6, 3, 'Cliente6', 'Demo6', '1110000006', 2, 'user6', 'cliente6@example.com', '2025-01-10'),
  (7, 1, 'Cliente7', 'Demo7', '1110000007', 3, 'user7', 'cliente7@example.com', '2025-01-11'),
  (8, 2, 'Cliente8', 'Demo8', '1110000008', 4, 'user8', 'cliente8@example.com', '2025-01-12'),
  (9, 3, 'Cliente9', 'Demo9', '1110000009', 1, 'user9', 'cliente9@example.com', '2025-01-13'),
  (10, 1, 'Cliente10', 'Demo10', '1110000010', 2, 'user10', 'cliente10@example.com', '2025-01-14'),
  (11, 2, 'Cliente11', 'Demo11', '1110000011', 3, 'user11', 'cliente11@example.com', '2025-01-15'),
  (12, 3, 'Cliente12', 'Demo12', '1110000012', 4, 'user12', 'cliente12@example.com', '2025-01-16'),
  (13, 1, 'Cliente13', 'Demo13', '1110000013', 1, 'user13', 'cliente13@example.com', '2025-01-17'),
  (14, 2, 'Cliente14', 'Demo14', '1110000014', 2, 'user14', 'cliente14@example.com', '2025-01-18'),
  (15, 3, 'Cliente15', 'Demo15', '1110000015', 3, 'user15', 'cliente15@example.com', '2025-01-19'),
  (16, 1, 'Cliente16', 'Demo16', '1110000016', 4, 'user16', 'cliente16@example.com', '2025-01-20'),
  (17, 2, 'Cliente17', 'Demo17', '1110000017', 1, 'user17', 'cliente17@example.com', '2025-01-21'),
  (18, 3, 'Cliente18', 'Demo18', '1110000018', 2, 'user18', 'cliente18@example.com', '2025-01-22'),
  (19, 1, 'Cliente19', 'Demo19', '1110000019', 3, 'user19', 'cliente19@example.com', '2025-01-23'),
  (20, 2, 'Cliente20', 'Demo20', '1110000020', 4, 'user20', 'cliente20@example.com', '2025-01-24'),
  (21, 3, 'Cliente21', 'Demo21', '1110000021', 1, 'user21', 'cliente21@example.com', '2025-01-25'),
  (22, 1, 'Cliente22', 'Demo22', '1110000022', 2, 'user22', 'cliente22@example.com', '2025-01-26'),
  (23, 2, 'Cliente23', 'Demo23', '1110000023', 3, 'user23', 'cliente23@example.com', '2025-01-27'),
  (24, 3, 'Cliente24', 'Demo24', '1110000024', 4, 'user24', 'cliente24@example.com', '2025-01-28'),
  (25, 1, 'Cliente25', 'Demo25', '1110000025', 1, 'user25', 'cliente25@example.com', '2025-01-29'),
  (26, 2, 'Cliente26', 'Demo26', '1110000026', 2, 'user26', 'cliente26@example.com', '2025-01-30'),
  (27, 3, 'Cliente27', 'Demo27', '1110000027', 3, 'user27', 'cliente27@example.com', '2025-01-31'),
  (28, 1, 'Cliente28', 'Demo28', '1110000028', 4, 'user28', 'cliente28@example.com', '2025-02-01'),
  (29, 2, 'Cliente29', 'Demo29', '1110000029', 1, 'user29', 'cliente29@example.com', '2025-02-02'),
  (30, 3, 'Cliente30', 'Demo30', '1110000030', 2, 'user30', 'cliente30@example.com', '2025-02-03'),
  (31, 1, 'Cliente31', 'Demo31', '1110000031', 3, 'user31', 'cliente31@example.com', '2025-02-04'),
  (32, 2, 'Cliente32', 'Demo32', '1110000032', 4, 'user32', 'cliente32@example.com', '2025-02-05'),
  (33, 3, 'Cliente33', 'Demo33', '1110000033', 1, 'user33', 'cliente33@example.com', '2025-02-06'),
  (34, 1, 'Cliente34', 'Demo34', '1110000034', 2, 'user34', 'cliente34@example.com', '2025-02-07'),
  (35, 2, 'Cliente35', 'Demo35', '1110000035', 3, 'user35', 'cliente35@example.com', '2025-02-08'),
  (36, 3, 'Cliente36', 'Demo36', '1110000036', 4, 'user36', 'cliente36@example.com', '2025-02-09'),
  (37, 1, 'Cliente37', 'Demo37', '1110000037', 1, 'user37', 'cliente37@example.com', '2025-02-10'),
  (38, 2, 'Cliente38', 'Demo38', '1110000038', 2, 'user38', 'cliente38@example.com', '2025-02-11'),
  (39, 3, 'Cliente39', 'Demo39', '1110000039', 3, 'user39', 'cliente39@example.com', '2025-02-12'),
  (40, 1, 'Cliente40', 'Demo40', '1110000040', 4, 'user40', 'cliente40@example.com', '2025-02-13'),
  (41, 2, 'Cliente41', 'Demo41', '1110000041', 1, 'user41', 'cliente41@example.com', '2025-02-14'),
  (42, 3, 'Cliente42', 'Demo42', '1110000042', 2, 'user42', 'cliente42@example.com', '2025-02-15'),
  (43, 1, 'Cliente43', 'Demo43', '1110000043', 3, 'user43', 'cliente43@example.com', '2025-02-16'),
  (44, 2, 'Cliente44', 'Demo44', '1110000044', 4, 'user44', 'cliente44@example.com', '2025-02-17'),
  (45, 3, 'Cliente45', 'Demo45', '1110000045', 1, 'user45', 'cliente45@example.com', '2025-02-18'),
  (46, 1, 'Cliente46', 'Demo46', '1110000046', 2, 'user46', 'cliente46@example.com', '2025-02-19'),
  (47, 2, 'Cliente47', 'Demo47', '1110000047', 3, 'user47', 'cliente47@example.com', '2025-02-20'),
  (48, 3, 'Cliente48', 'Demo48', '1110000048', 4, 'user48', 'cliente48@example.com', '2025-02-21'),
  (49, 1, 'Cliente49', 'Demo49', '1110000049', 1, 'user49', 'cliente49@example.com', '2025-02-22'),
  (50, 2, 'Cliente50', 'Demo50', '1110000050', 2, 'user50', 'cliente50@example.com', '2025-02-23');

INSERT INTO compra (id, fecha_compra, total) VALUES
  (1, '2025-01-05', 18000),
  (2, '2025-01-10', 22000),
  (3, '2025-01-15', 14500),
  (4, '2025-01-20', 30500),
  (5, '2025-01-25', 27000),
  (6, '2025-02-01', 19500),
  (7, '2025-02-05', 21000),
  (8, '2025-02-10', 24000),
  (9, '2025-02-15', 26000),
  (10, '2025-02-20', 23000),
  (11, '2025-02-25', 21000),
  (12, '2025-03-01', 28000),
  (13, '2025-03-05', 25000),
  (14, '2025-03-10', 19000),
  (15, '2025-03-15', 22000),
  (16, '2025-03-20', 26000),
  (17, '2025-03-25', 27500),
  (18, '2025-03-30', 18500),
  (19, '2025-04-04', 30000),
  (20, '2025-04-09', 21000);

INSERT INTO detalle_compra (id, compra, insumo, cantidad, total) VALUES
  (1, 1, 1, 5, 17500),
  (2, 1, 2, 1, 3500),
  (3, 2, 4, 3, 12000),
  (4, 2, 5, 2, 8200),
  (5, 3, 3, 2, 7200),
  (6, 3, 10, 2, 7100),
  (7, 4, 8, 2, 18000),
  (8, 4, 9, 1, 9500),
  (9, 5, 6, 3, 13500),
  (10, 5, 7, 2, 9100),
  (11, 6, 1, 3, 10500),
  (12, 6, 2, 2, 7000),
  (13, 7, 4, 2, 8000),
  (14, 7, 5, 2, 8200),
  (15, 8, 6, 2, 9000),
  (16, 8, 7, 2, 9100),
  (17, 9, 10, 4, 14200),
  (18, 9, 11, 2, 7100),
  (19, 10, 12, 3, 12600),
  (20, 10, 3, 2, 7200),
  (21, 11, 1, 2, 7000),
  (22, 11, 2, 2, 7000),
  (23, 12, 8, 2, 18000),
  (24, 12, 9, 1, 9500),
  (25, 13, 6, 2, 9000),
  (26, 13, 7, 2, 9100),
  (27, 14, 4, 2, 8000),
  (28, 14, 5, 2, 8200),
  (29, 15, 10, 3, 10650),
  (30, 15, 11, 3, 10650),
  (31, 16, 12, 2, 8400),
  (32, 16, 1, 2, 7000),
  (33, 17, 2, 2, 7000),
  (34, 17, 3, 2, 7200),
  (35, 18, 4, 1, 4000),
  (36, 18, 5, 1, 4100),
  (37, 19, 8, 2, 18000),
  (38, 19, 9, 2, 19000),
  (39, 20, 6, 2, 9000),
  (40, 20, 7, 2, 9100);

INSERT INTO envio (id, tipo_envio, empresa_envio, alto_paquete, ancho_paquete, largo_paquete, peso, valor_declarado, link_cliente, num_seguimiento) VALUES
  (1, 2, 1, '15', '20', '25', '1.2', '8000', 'https://envios.example/1', 'CA12345'),
  (2, 2, 2, '10', '15', '20', '0.8', '5000', 'https://envios.example/2', 'AN56789'),
  (3, 3, 3, '12', '12', '12', '0.5', '3000', 'https://envios.example/3', 'OC11111'),
  (4, 2, 1, '25', '30', '35', '2.0', '12000', 'https://envios.example/4', 'CA22222'),
  (5, 2, 2, '18', '22', '28', '1.5', '9000', 'https://envios.example/5', 'AN33333'),
  (6, 3, 3, '14', '16', '18', '0.7', '4000', 'https://envios.example/6', 'OC44444'),
  (7, 2, 1, '20', '20', '20', '1.0', '7000', 'https://envios.example/7', 'CA55555'),
  (8, 2, 2, '22', '24', '26', '1.3', '8500', 'https://envios.example/8', 'AN66666'),
  (9, 3, 3, '16', '16', '16', '0.9', '6000', 'https://envios.example/9', 'OC77777'),
  (10, 2, 1, '30', '30', '30', '2.5', '15000', 'https://envios.example/10', 'CA88888'),
  (11, 2, 2, '12', '18', '24', '1.1', '7500', 'https://envios.example/11', 'AN99999'),
  (12, 3, 3, '10', '10', '15', '0.6', '3500', 'https://envios.example/12', 'OC12121'),
  (13, 2, 1, '18', '20', '22', '0.9', '6800', 'https://envios.example/13', 'CA13131'),
  (14, 2, 2, '16', '22', '26', '1.2', '8200', 'https://envios.example/14', 'AN14141'),
  (15, 3, 3, '14', '14', '18', '0.7', '4200', 'https://envios.example/15', 'OC15151'),
  (16, 2, 1, '24', '24', '24', '1.8', '11000', 'https://envios.example/16', 'CA16161'),
  (17, 2, 2, '26', '26', '26', '2.1', '13000', 'https://envios.example/17', 'AN17171'),
  (18, 3, 3, '12', '14', '16', '0.8', '4800', 'https://envios.example/18', 'OC18181'),
  (19, 2, 1, '20', '22', '24', '1.4', '9700', 'https://envios.example/19', 'CA19191'),
  (20, 2, 2, '22', '26', '28', '1.6', '10500', 'https://envios.example/20', 'AN20202'),
  (21, 2, 1, '15', '20', '25', '1.2', '8000', 'https://envios.example/21', 'CA21212'),
  (22, 2, 2, '10', '15', '20', '0.8', '5000', 'https://envios.example/22', 'AN22222'),
  (23, 3, 3, '12', '12', '12', '0.5', '3000', 'https://envios.example/23', 'OC23232'),
  (24, 2, 1, '25', '30', '35', '2.0', '12000', 'https://envios.example/24', 'CA24242'),
  (25, 2, 2, '18', '22', '28', '1.5', '9000', 'https://envios.example/25', 'AN25252'),
  (26, 3, 3, '14', '16', '18', '0.7', '4000', 'https://envios.example/26', 'OC26262'),
  (27, 2, 1, '20', '20', '20', '1.0', '7000', 'https://envios.example/27', 'CA27272'),
  (28, 2, 2, '22', '24', '26', '1.3', '8500', 'https://envios.example/28', 'AN28282'),
  (29, 3, 3, '16', '16', '16', '0.9', '6000', 'https://envios.example/29', 'OC29292'),
  (30, 2, 1, '30', '30', '30', '2.5', '15000', 'https://envios.example/30', 'CA30303'),
  (31, 2, 2, '12', '18', '24', '1.1', '7500', 'https://envios.example/31', 'AN31313'),
  (32, 3, 3, '10', '10', '15', '0.6', '3500', 'https://envios.example/32', 'OC32323'),
  (33, 2, 1, '18', '20', '22', '0.9', '6800', 'https://envios.example/33', 'CA33333'),
  (34, 2, 2, '16', '22', '26', '1.2', '8200', 'https://envios.example/34', 'AN34343'),
  (35, 3, 3, '14', '14', '18', '0.7', '4200', 'https://envios.example/35', 'OC35353'),
  (36, 2, 1, '24', '24', '24', '1.8', '11000', 'https://envios.example/36', 'CA36363'),
  (37, 2, 2, '26', '26', '26', '2.1', '13000', 'https://envios.example/37', 'AN37373'),
  (38, 3, 3, '12', '14', '16', '0.8', '4800', 'https://envios.example/38', 'OC38383'),
  (39, 2, 1, '20', '22', '24', '1.4', '9700', 'https://envios.example/39', 'CA39393'),
  (40, 2, 2, '22', '26', '28', '1.6', '10500', 'https://envios.example/40', 'AN40404');

INSERT INTO venta (id, fecha_venta, cliente_id, envio_id, "seña", total, descuento_aplicado, estado_venta_id, fecha_entrega_aproximada) VALUES
  (1, '2025-03-01', 1, 1, 500, 7500, 5, 1, '2025-09-01'),
  (2, '2025-03-02', 2, 2, 600, 8200, 10, 2, '2025-09-02'),
  (3, '2025-03-03', 3, 3, 700, 9000, 0, 3, '2025-09-03'),
  (4, '2025-03-04', 4, 4, 800, 9800, 15, 4, '2025-09-04'),
  (5, '2025-03-05', 5, 5, 900, 10500, 20, 5, '2025-09-05'),
  (6, '2025-03-06', 6, 6, 600, 9200, 10, 1, '2025-09-06'),
  (7, '2025-03-07', 7, 7, 700, 10100, 5, 2, '2025-09-07'),
  (8, '2025-03-08', 8, 8, 800, 11100, 8, 3, '2025-09-08'),
  (9, '2025-03-09', 9, 9, 900, 12000, 12, 4, '2025-09-09'),
  (10, '2025-03-10', 10, 10, 500, 7600, 4, 5, '2025-09-10'),
  (11, '2025-03-11', 11, 11, 600, 8300, 10, 1, '2025-09-11'),
  (12, '2025-03-12', 12, 12, 700, 9100, 0, 2, '2025-09-12'),
  (13, '2025-03-13', 13, 13, 800, 9900, 15, 3, '2025-09-13'),
  (14, '2025-03-14', 14, 14, 900, 10600, 20, 4, '2025-09-14'),
  (15, '2025-03-15', 15, 15, 600, 9300, 10, 5, '2025-09-15'),
  (16, '2025-03-16', 16, 16, 700, 10200, 5, 1, '2025-09-16'),
  (17, '2025-03-17', 17, 17, 800, 11200, 8, 2, '2025-09-17'),
  (18, '2025-03-18', 18, 18, 900, 12100, 12, 3, '2025-09-18'),
  (19, '2025-03-19', 19, 19, 500, 7700, 4, 4, '2025-09-19'),
  (20, '2025-03-20', 20, 20, 600, 8400, 10, 5, '2025-09-20'),
  (21, '2025-03-21', 21, 21, 700, 9200, 0, 1, '2025-09-21'),
  (22, '2025-03-22', 22, 22, 800, 10000, 15, 2, '2025-09-22'),
  (23, '2025-03-23', 23, 23, 900, 10700, 20, 3, '2025-09-23'),
  (24, '2025-03-24', 24, 24, 600, 9400, 10, 4, '2025-09-24'),
  (25, '2025-03-25', 25, 25, 700, 10300, 5, 5, '2025-09-25'),
  (26, '2025-03-26', 26, 26, 800, 11300, 8, 1, '2025-09-26'),
  (27, '2025-03-27', 27, 27, 900, 12200, 12, 2, '2025-09-27'),
  (28, '2025-03-28', 28, 28, 500, 7800, 4, 3, '2025-09-28'),
  (29, '2025-03-29', 29, 29, 600, 8500, 10, 4, '2025-09-29'),
  (30, '2025-03-30', 30, 30, 700, 9300, 0, 5, '2025-09-30'),
  (31, '2025-03-31', 31, NULL, 800, 10100, 15, 1, '2025-10-01'),
  (32, '2025-04-01', 32, NULL, 900, 10800, 20, 2, '2025-10-02'),
  (33, '2025-04-02', 33, NULL, 600, 9500, 10, 3, '2025-10-03'),
  (34, '2025-04-03', 34, NULL, 700, 10400, 5, 4, '2025-10-04'),
  (35, '2025-04-04', 35, NULL, 800, 11400, 8, 5, '2025-10-05'),
  (36, '2025-04-05', 36, NULL, 900, 12300, 12, 1, '2025-10-06'),
  (37, '2025-04-06', 37, NULL, 500, 7900, 4, 2, '2025-10-07'),
  (38, '2025-04-07', 38, NULL, 600, 8600, 10, 3, '2025-10-08'),
  (39, '2025-04-08', 39, NULL, 700, 9400, 0, 4, '2025-10-09'),
  (40, '2025-04-09', 40, NULL, 800, 10200, 15, 5, '2025-10-10'),
  (41, '2025-04-10', 41, NULL, 900, 10900, 20, 1, '2025-10-11'),
  (42, '2025-04-11', 42, NULL, 600, 9600, 10, 2, '2025-10-12'),
  (43, '2025-04-12', 43, NULL, 700, 10500, 5, 3, '2025-10-13'),
  (44, '2025-04-13', 44, NULL, 800, 11500, 8, 4, '2025-10-14'),
  (45, '2025-04-14', 45, NULL, 900, 12400, 12, 5, '2025-10-15'),
  (46, '2025-04-15', 46, NULL, 500, 8000, 4, 1, '2025-10-16'),
  (47, '2025-04-16', 47, NULL, 600, 8700, 10, 2, '2025-10-17'),
  (48, '2025-04-17', 48, NULL, 700, 9500, 0, 3, '2025-10-18'),
  (49, '2025-04-18', 49, NULL, 800, 10300, 15, 4, '2025-10-19'),
  (50, '2025-04-19', 50, NULL, 900, 11000, 20, 5, '2025-10-20'),
  (51, '2025-04-20', 1, NULL, 600, 9700, 10, 1, '2025-10-21'),
  (52, '2025-04-21', 2, NULL, 700, 10600, 5, 2, '2025-10-22'),
  (53, '2025-04-22', 3, NULL, 800, 11600, 8, 3, '2025-10-23'),
  (54, '2025-04-23', 4, NULL, 900, 12500, 12, 4, '2025-10-24'),
  (55, '2025-04-24', 5, NULL, 500, 8100, 4, 5, '2025-10-25'),
  (56, '2025-04-25', 6, NULL, 600, 8800, 10, 1, '2025-10-26'),
  (57, '2025-04-26', 7, NULL, 700, 9600, 0, 2, '2025-10-27'),
  (58, '2025-04-27', 8, NULL, 800, 10400, 15, 3, '2025-10-28'),
  (59, '2025-04-28', 9, NULL, 900, 11100, 20, 4, '2025-10-29'),
  (60, '2025-04-29', 10, NULL, 600, 9800, 10, 5, '2025-10-30'),
  (61, '2025-04-30', 11, NULL, 700, 10600, 5, 1, '2025-11-01'),
  (62, '2025-05-01', 12, NULL, 800, 11600, 8, 2, '2025-11-02'),
  (63, '2025-05-02', 13, NULL, 900, 12500, 12, 3, '2025-11-03'),
  (64, '2025-05-03', 14, NULL, 500, 8200, 4, 4, '2025-11-04'),
  (65, '2025-05-04', 15, NULL, 600, 8900, 10, 5, '2025-11-05'),
  (66, '2025-05-05', 16, NULL, 700, 9700, 0, 1, '2025-11-06'),
  (67, '2025-05-06', 17, NULL, 800, 10500, 15, 2, '2025-11-07'),
  (68, '2025-05-07', 18, NULL, 900, 11200, 20, 3, '2025-11-08'),
  (69, '2025-05-08', 19, NULL, 600, 9900, 10, 4, '2025-11-09'),
  (70, '2025-05-09', 20, NULL, 700, 10700, 5, 5, '2025-11-10'),
  (71, '2025-05-10', 21, NULL, 800, 11700, 8, 1, '2025-11-11'),
  (72, '2025-05-11', 22, NULL, 900, 12600, 12, 2, '2025-11-12'),
  (73, '2025-05-12', 23, NULL, 500, 8300, 4, 3, '2025-11-13'),
  (74, '2025-05-13', 24, NULL, 600, 9000, 10, 4, '2025-11-14'),
  (75, '2025-05-14', 25, NULL, 700, 9800, 0, 5, '2025-11-15'),
  (76, '2025-05-15', 26, NULL, 800, 10600, 15, 1, '2025-11-16'),
  (77, '2025-05-16', 27, NULL, 900, 11300, 20, 2, '2025-11-17'),
  (78, '2025-05-17', 28, NULL, 600, 10000, 10, 3, '2025-11-18'),
  (79, '2025-05-18', 29, NULL, 700, 10800, 5, 4, '2025-11-19'),
  (80, '2025-05-19', 30, NULL, 800, 11800, 8, 5, '2025-11-20'),
  (81, '2025-05-20', 31, NULL, 900, 12700, 12, 1, '2025-11-21'),
  (82, '2025-05-21', 32, NULL, 500, 8400, 4, 2, '2025-11-22'),
  (83, '2025-05-22', 33, NULL, 600, 9100, 10, 3, '2025-11-23'),
  (84, '2025-05-23', 34, NULL, 700, 9900, 0, 4, '2025-11-24'),
  (85, '2025-05-24', 35, NULL, 800, 10700, 15, 5, '2025-11-25'),
  (86, '2025-05-25', 36, NULL, 900, 11400, 20, 1, '2025-11-26'),
  (87, '2025-05-26', 37, NULL, 600, 10100, 10, 2, '2025-11-27'),
  (88, '2025-05-27', 38, NULL, 700, 10900, 5, 3, '2025-11-28'),
  (89, '2025-05-28', 39, NULL, 800, 11900, 8, 4, '2025-11-29'),
  (90, '2025-05-29', 40, NULL, 900, 12800, 12, 5, '2025-11-30'),
  (91, '2025-05-30', 41, NULL, 500, 8500, 4, 1, '2025-12-01'),
  (92, '2025-05-31', 42, NULL, 600, 9200, 10, 2, '2025-12-02'),
  (93, '2025-06-01', 43, NULL, 700, 10000, 0, 3, '2025-12-03'),
  (94, '2025-06-02', 44, NULL, 800, 10800, 15, 4, '2025-12-04'),
  (95, '2025-06-03', 45, NULL, 900, 11500, 20, 5, '2025-12-05'),
  (96, '2025-06-04', 46, NULL, 600, 10200, 10, 1, '2025-12-06'),
  (97, '2025-06-05', 47, NULL, 700, 11000, 5, 2, '2025-12-07'),
  (98, '2025-06-06', 48, NULL, 800, 12000, 8, 3, '2025-12-08'),
  (99, '2025-06-07', 49, NULL, 900, 12900, 12, 4, '2025-12-09'),
  (100, '2025-06-08', 50, NULL, 500, 8600, 4, 5, '2025-12-10'),
  (101, '2025-06-09', 1, NULL, 600, 9300, 10, 1, '2025-12-11'),
  (102, '2025-06-10', 2, NULL, 700, 10100, 5, 2, '2025-12-12'),
  (103, '2025-06-11', 3, NULL, 800, 10900, 8, 3, '2025-12-13'),
  (104, '2025-06-12', 4, NULL, 900, 11600, 12, 4, '2025-12-14'),
  (105, '2025-06-13', 5, NULL, 500, 8700, 4, 5, '2025-12-15'),
  (106, '2025-06-14', 6, NULL, 600, 9400, 10, 1, '2025-12-16'),
  (107, '2025-06-15', 7, NULL, 700, 10200, 0, 2, '2025-12-17'),
  (108, '2025-06-16', 8, NULL, 800, 11000, 15, 3, '2025-12-18'),
  (109, '2025-06-17', 9, NULL, 900, 11700, 20, 4, '2025-12-19'),
  (110, '2025-06-18', 10, NULL, 600, 9500, 10, 5, '2025-12-20'),
  (111, '2025-06-19', 11, NULL, 700, 10300, 5, 1, '2025-12-21'),
  (112, '2025-06-20', 12, NULL, 800, 11100, 8, 2, '2025-12-22'),
  (113, '2025-06-21', 13, NULL, 900, 11800, 12, 3, '2025-12-23'),
  (114, '2025-06-22', 14, NULL, 500, 8800, 4, 4, '2025-12-24'),
  (115, '2025-06-23', 15, NULL, 600, 9500, 10, 5, '2025-12-25'),
  (116, '2025-06-24', 16, NULL, 700, 10300, 0, 1, '2025-12-26'),
  (117, '2025-06-25', 17, NULL, 800, 11100, 15, 2, '2025-12-27'),
  (118, '2025-06-26', 18, NULL, 900, 11800, 20, 3, '2025-12-28'),
  (119, '2025-06-27', 19, NULL, 600, 9600, 10, 4, '2025-12-29'),
  (120, '2025-06-28', 20, NULL, 700, 10400, 5, 5, '2025-12-30'),
  (121, '2025-06-29', 21, NULL, 800, 11200, 8, 1, '2026-01-01'),
  (122, '2025-06-30', 22, NULL, 900, 11900, 12, 2, '2026-01-02'),
  (123, '2025-07-01', 23, NULL, 500, 8900, 4, 3, '2026-01-03'),
  (124, '2025-07-02', 24, NULL, 600, 9600, 10, 4, '2026-01-04'),
  (125, '2025-07-03', 25, NULL, 700, 10400, 0, 5, '2026-01-05'),
  (126, '2025-07-04', 26, NULL, 800, 11200, 15, 1, '2026-01-06'),
  (127, '2025-07-05', 27, NULL, 900, 11900, 20, 2, '2026-01-07'),
  (128, '2025-07-06', 28, NULL, 600, 9700, 10, 3, '2026-01-08'),
  (129, '2025-07-07', 29, NULL, 700, 10500, 5, 4, '2026-01-09'),
  (130, '2025-07-08', 30, NULL, 800, 11300, 8, 5, '2026-01-10'),
  (131, '2025-07-09', 31, NULL, 900, 12000, 12, 1, '2026-01-11'),
  (132, '2025-07-10', 32, NULL, 500, 9000, 4, 2, '2026-01-12'),
  (133, '2025-07-11', 33, NULL, 600, 9700, 10, 3, '2026-01-13'),
  (134, '2025-07-12', 34, NULL, 700, 10500, 0, 4, '2026-01-14'),
  (135, '2025-07-13', 35, NULL, 800, 11300, 15, 5, '2026-01-15'),
  (136, '2025-07-14', 36, NULL, 900, 12000, 20, 1, '2026-01-16'),
  (137, '2025-07-15', 37, NULL, 600, 9800, 10, 2, '2026-01-17'),
  (138, '2025-07-16', 38, NULL, 700, 10600, 5, 3, '2026-01-18'),
  (139, '2025-07-17', 39, NULL, 800, 11400, 8, 4, '2026-01-19'),
  (140, '2025-07-18', 40, NULL, 900, 12100, 12, 5, '2026-01-20'),
  (141, '2025-07-19', 41, NULL, 500, 9100, 4, 1, '2026-01-21'),
  (142, '2025-07-20', 42, NULL, 600, 9800, 10, 2, '2026-01-22'),
  (143, '2025-07-21', 43, NULL, 700, 10600, 0, 3, '2026-01-23'),
  (144, '2025-07-22', 44, NULL, 800, 11400, 15, 4, '2026-01-24'),
  (145, '2025-07-23', 45, NULL, 900, 12100, 20, 5, '2026-01-25'),
  (146, '2025-07-24', 46, NULL, 600, 9900, 10, 1, '2026-01-26'),
  (147, '2025-07-25', 47, NULL, 700, 10700, 5, 2, '2026-01-27'),
  (148, '2025-07-26', 48, NULL, 800, 11500, 8, 3, '2026-01-28'),
  (149, '2025-07-27', 49, NULL, 900, 12200, 12, 4, '2026-01-29'),
  (150, '2025-07-28', 50, NULL, 500, 9200, 4, 5, '2026-01-30'),
  (151, '2025-07-29', 1, NULL, 600, 9900, 10, 1, '2026-01-31'),
  (152, '2025-07-30', 2, NULL, 700, 10700, 5, 2, '2026-02-01'),
  (153, '2025-07-31', 3, NULL, 800, 11500, 8, 3, '2026-02-02'),
  (154, '2025-08-01', 4, NULL, 900, 12200, 12, 4, '2026-02-03'),
  (155, '2025-08-02', 5, NULL, 500, 9300, 4, 5, '2026-02-04'),
  (156, '2025-08-03', 6, NULL, 600, 10000, 10, 1, '2026-02-05'),
  (157, '2025-08-04', 7, NULL, 700, 10800, 0, 2, '2026-02-06'),
  (158, '2025-08-05', 8, NULL, 800, 11600, 15, 3, '2026-02-07'),
  (159, '2025-08-06', 9, NULL, 900, 12300, 20, 4, '2026-02-08'),
  (160, '2025-08-07', 10, NULL, 600, 10100, 10, 5, '2026-02-09'),
  (161, '2025-08-08', 11, NULL, 700, 10900, 5, 1, '2026-02-10'),
  (162, '2025-08-09', 12, NULL, 800, 11700, 8, 2, '2026-02-11'),
  (163, '2025-08-10', 13, NULL, 900, 12400, 12, 3, '2026-02-12'),
  (164, '2025-08-11', 14, NULL, 500, 9400, 4, 4, '2026-02-13'),
  (165, '2025-08-12', 15, NULL, 600, 10100, 10, 5, '2026-02-14'),
  (166, '2025-08-13', 16, NULL, 700, 10900, 0, 1, '2026-02-15'),
  (167, '2025-08-14', 17, NULL, 800, 11700, 15, 2, '2026-02-16'),
  (168, '2025-08-15', 18, NULL, 900, 12400, 20, 3, '2026-02-17'),
  (169, '2025-08-16', 19, NULL, 600, 10200, 10, 4, '2026-02-18'),
  (170, '2025-08-17', 20, NULL, 700, 11000, 5, 5, '2026-02-19'),
  (171, '2025-08-18', 21, NULL, 800, 11800, 8, 1, '2026-02-20'),
  (172, '2025-08-19', 22, NULL, 900, 12500, 12, 2, '2026-02-21'),
  (173, '2025-08-20', 23, NULL, 500, 9500, 4, 3, '2026-02-22'),
  (174, '2025-08-21', 24, NULL, 600, 10200, 10, 4, '2026-02-23'),
  (175, '2025-08-22', 25, NULL, 700, 11000, 0, 5, '2026-02-24'),
  (176, '2025-08-23', 26, NULL, 800, 11800, 15, 1, '2026-02-25'),
  (177, '2025-08-24', 27, NULL, 900, 12500, 20, 2, '2026-02-26'),
  (178, '2025-08-25', 28, NULL, 600, 10300, 10, 3, '2026-02-27'),
  (179, '2025-08-26', 29, NULL, 700, 11100, 5, 4, '2026-02-28'),
  (180, '2025-08-27', 30, NULL, 800, 11900, 8, 5, '2026-03-01'),
  (181, '2025-08-28', 31, NULL, 900, 12600, 12, 1, '2026-03-02'),
  (182, '2025-08-29', 32, NULL, 500, 9600, 4, 2, '2026-03-03'),
  (183, '2025-08-30', 33, NULL, 600, 10300, 10, 3, '2026-03-04'),
  (184, '2025-08-31', 34, NULL, 700, 11100, 0, 4, '2026-03-05'),
  (185, '2025-09-01', 35, NULL, 800, 11900, 15, 5, '2026-03-06'),
  (186, '2025-09-02', 36, NULL, 900, 12600, 20, 1, '2026-03-07'),
  (187, '2025-09-03', 37, NULL, 600, 10400, 10, 2, '2026-03-08'),
  (188, '2025-09-04', 38, NULL, 700, 11200, 5, 3, '2026-03-09'),
  (189, '2025-09-05', 39, NULL, 800, 12000, 8, 4, '2026-03-10'),
  (190, '2025-09-06', 40, NULL, 900, 12700, 12, 5, '2026-03-11'),
  (191, '2025-09-07', 41, NULL, 500, 9700, 4, 1, '2026-03-12'),
  (192, '2025-09-08', 42, NULL, 600, 10400, 10, 2, '2026-03-13'),
  (193, '2025-09-09', 43, NULL, 700, 11200, 0, 3, '2026-03-14'),
  (194, '2025-09-10', 44, NULL, 800, 12000, 15, 4, '2026-03-15'),
  (195, '2025-09-11', 45, NULL, 900, 12700, 20, 5, '2026-03-16'),
  (196, '2025-09-12', 46, NULL, 600, 10500, 10, 1, '2026-03-17'),
  (197, '2025-09-13', 47, NULL, 700, 11300, 5, 2, '2026-03-18'),
  (198, '2025-09-14', 48, NULL, 800, 12100, 8, 3, '2026-03-19'),
  (199, '2025-09-15', 49, NULL, 900, 12800, 12, 4, '2026-03-20'),
  (200, '2025-09-16', 50, NULL, 500, 9800, 4, 5, '2026-03-21');

INSERT INTO detalle_venta (id, venta, producto, cantidad, color, descripcion_producto, total_detalle) VALUES
  (1, 1, 1, 1, 'Azul', 'Figura Boca Juniors', 5000),
  (2, 2, 2, 1, 'Azul', 'Mate Boca', 8500),
  (3, 3, 3, 2, 'Negro', 'Soporte Celular', 6000),
  (4, 4, 4, 1, 'Blanco', 'Maceta Baja', 4500),
  (5, 5, 5, 2, 'Negro', 'Organizador Cables', 4000),
  (6, 6, 6, 1, 'Negro', 'Engrane Muestra', 3800),
  (7, 7, 7, 3, 'Rojo', 'Llavero', 2400),
  (8, 8, 8, 1, 'Blanco', 'Caja Pequeña', 3500),
  (9, 9, 9, 4, 'Negro', 'Clip Bolsas', 2400),
  (10, 10, 10, 5, 'Blanco', 'Tapón Universal', 4500),
  (11, 11, 11, 1, 'Azul', 'Figura Star', 5200),
  (12, 12, 12, 1, 'Negro', 'Soporte Auriculares', 3200),
  (13, 13, 13, 2, 'Blanco', 'Porta Lápices', 3600),
  (14, 14, 14, 1, 'Negro', 'Carcasa Prototipo', 6200),
  (15, 15, 15, 1, 'Blanco', 'Organizador Tornillos', 4300),
  (16, 16, 16, 1, 'Azul', 'Soporte GoPro', 2900),
  (17, 17, 17, 1, 'Negro', 'Miniatura Auto', 4700),
  (18, 18, 18, 2, 'Negro', 'Gancho Pared', 2400),
  (19, 19, 19, 4, 'Blanco', 'Posavasos', 2800),
  (20, 20, 20, 1, 'Negro', 'Tapa Prototipo', 2600),
  (21, 21, 1, 1, 'Azul', 'Figura Boca Juniors', 5000),
  (22, 22, 2, 1, 'Azul', 'Mate Boca', 8500),
  (23, 23, 3, 2, 'Negro', 'Soporte Celular', 6000),
  (24, 24, 4, 1, 'Blanco', 'Maceta Baja', 4500),
  (25, 25, 5, 2, 'Negro', 'Organizador Cables', 4000),
  (26, 26, 6, 1, 'Negro', 'Engrane Muestra', 3800),
  (27, 27, 7, 3, 'Rojo', 'Llavero', 2400),
  (28, 28, 8, 1, 'Blanco', 'Caja Pequeña', 3500),
  (29, 29, 9, 4, 'Negro', 'Clip Bolsas', 2400),
  (30, 30, 10, 5, 'Blanco', 'Tapón Universal', 4500),
  (31, 31, 11, 1, 'Azul', 'Figura Star', 5200),
  (32, 32, 12, 1, 'Negro', 'Soporte Auriculares', 3200),
  (33, 33, 13, 2, 'Blanco', 'Porta Lápices', 3600),
  (34, 34, 14, 1, 'Negro', 'Carcasa Prototipo', 6200),
  (35, 35, 15, 1, 'Blanco', 'Organizador Tornillos', 4300),
  (36, 36, 16, 1, 'Azul', 'Soporte GoPro', 2900),
  (37, 37, 17, 1, 'Negro', 'Miniatura Auto', 4700),
  (38, 38, 18, 2, 'Negro', 'Gancho Pared', 2400),
  (39, 39, 19, 4, 'Blanco', 'Posavasos', 2800),
  (40, 40, 20, 1, 'Negro', 'Tapa Prototipo', 2600),
  (41, 41, 1, 1, 'Azul', 'Figura Boca Juniors', 5000),
  (42, 42, 2, 1, 'Azul', 'Mate Boca', 8500),
  (43, 43, 3, 2, 'Negro', 'Soporte Celular', 6000),
  (44, 44, 4, 1, 'Blanco', 'Maceta Baja', 4500),
  (45, 45, 5, 2, 'Negro', 'Organizador Cables', 4000),
  (46, 46, 6, 1, 'Negro', 'Engrane Muestra', 3800),
  (47, 47, 7, 3, 'Rojo', 'Llavero', 2400),
  (48, 48, 8, 1, 'Blanco', 'Caja Pequeña', 3500),
  (49, 49, 9, 4, 'Negro', 'Clip Bolsas', 2400),
  (50, 50, 10, 5, 'Blanco', 'Tapón Universal', 4500),
  (51, 51, 11, 1, 'Azul', 'Figura Star', 5200),
  (52, 52, 12, 1, 'Negro', 'Soporte Auriculares', 3200),
  (53, 53, 13, 2, 'Blanco', 'Porta Lápices', 3600),
  (54, 54, 14, 1, 'Negro', 'Carcasa Prototipo', 6200),
  (55, 55, 15, 1, 'Blanco', 'Organizador Tornillos', 4300),
  (56, 56, 16, 1, 'Azul', 'Soporte GoPro', 2900),
  (57, 57, 17, 1, 'Negro', 'Miniatura Auto', 4700),
  (58, 58, 18, 2, 'Negro', 'Gancho Pared', 2400),
  (59, 59, 19, 4, 'Blanco', 'Posavasos', 2800),
  (60, 60, 20, 1, 'Negro', 'Tapa Prototipo', 2600),
  (61, 61, 1, 1, 'Azul', 'Figura Boca Juniors', 5000),
  (62, 62, 2, 1, 'Azul', 'Mate Boca', 8500),
  (63, 63, 3, 2, 'Negro', 'Soporte Celular', 6000),
  (64, 64, 4, 1, 'Blanco', 'Maceta Baja', 4500),
  (65, 65, 5, 2, 'Negro', 'Organizador Cables', 4000),
  (66, 66, 6, 1, 'Negro', 'Engrane Muestra', 3800),
  (67, 67, 7, 3, 'Rojo', 'Llavero', 2400),
  (68, 68, 8, 1, 'Blanco', 'Caja Pequeña', 3500),
  (69, 69, 9, 4, 'Negro', 'Clip Bolsas', 2400),
  (70, 70, 10, 5, 'Blanco', 'Tapón Universal', 4500),
  (71, 71, 11, 1, 'Azul', 'Figura Star', 5200),
  (72, 72, 12, 1, 'Negro', 'Soporte Auriculares', 3200),
  (73, 73, 13, 2, 'Blanco', 'Porta Lápices', 3600),
  (74, 74, 14, 1, 'Negro', 'Carcasa Prototipo', 6200),
  (75, 75, 15, 1, 'Blanco', 'Organizador Tornillos', 4300),
  (76, 76, 16, 1, 'Azul', 'Soporte GoPro', 2900),
  (77, 77, 17, 1, 'Negro', 'Miniatura Auto', 4700),
  (78, 78, 18, 2, 'Negro', 'Gancho Pared', 2400),
  (79, 79, 19, 4, 'Blanco', 'Posavasos', 2800),
  (80, 80, 20, 1, 'Negro', 'Tapa Prototipo', 2600),
  (81, 81, 1, 1, 'Azul', 'Figura Boca Juniors', 5000),
  (82, 82, 2, 1, 'Azul', 'Mate Boca', 8500),
  (83, 83, 3, 2, 'Negro', 'Soporte Celular', 6000),
  (84, 84, 4, 1, 'Blanco', 'Maceta Baja', 4500),
  (85, 85, 5, 2, 'Negro', 'Organizador Cables', 4000),
  (86, 86, 6, 1, 'Negro', 'Engrane Muestra', 3800),
  (87, 87, 7, 3, 'Rojo', 'Llavero', 2400),
  (88, 88, 8, 1, 'Blanco', 'Caja Pequeña', 3500),
  (89, 89, 9, 4, 'Negro', 'Clip Bolsas', 2400),
  (90, 90, 10, 5, 'Blanco', 'Tapón Universal', 4500),
  (91, 91, 11, 1, 'Azul', 'Figura Star', 5200),
  (92, 92, 12, 1, 'Negro', 'Soporte Auriculares', 3200),
  (93, 93, 13, 2, 'Blanco', 'Porta Lápices', 3600),
  (94, 94, 14, 1, 'Negro', 'Carcasa Prototipo', 6200),
  (95, 95, 15, 1, 'Blanco', 'Organizador Tornillos', 4300),
  (96, 96, 16, 1, 'Azul', 'Soporte GoPro', 2900),
  (97, 97, 17, 1, 'Negro', 'Miniatura Auto', 4700),
  (98, 98, 18, 2, 'Negro', 'Gancho Pared', 2400),
  (99, 99, 19, 4, 'Blanco', 'Posavasos', 2800),
  (100, 100, 20, 1, 'Negro', 'Tapa Prototipo', 2600),
  (101, 101, 1, 1, 'Azul', 'Figura Boca Juniors', 5000),
  (102, 102, 2, 1, 'Azul', 'Mate Boca', 8500),
  (103, 103, 3, 2, 'Negro', 'Soporte Celular', 6000),
  (104, 104, 4, 1, 'Blanco', 'Maceta Baja', 4500),
  (105, 105, 5, 2, 'Negro', 'Organizador Cables', 4000),
  (106, 106, 6, 1, 'Negro', 'Engrane Muestra', 3800),
  (107, 107, 7, 3, 'Rojo', 'Llavero', 2400),
  (108, 108, 8, 1, 'Blanco', 'Caja Pequeña', 3500),
  (109, 109, 9, 4, 'Negro', 'Clip Bolsas', 2400),
  (110, 110, 10, 5, 'Blanco', 'Tapón Universal', 4500),
  (111, 111, 11, 1, 'Azul', 'Figura Star', 5200),
  (112, 112, 12, 1, 'Negro', 'Soporte Auriculares', 3200),
  (113, 113, 13, 2, 'Blanco', 'Porta Lápices', 3600),
  (114, 114, 14, 1, 'Negro', 'Carcasa Prototipo', 6200),
  (115, 115, 15, 1, 'Blanco', 'Organizador Tornillos', 4300),
  (116, 116, 16, 1, 'Azul', 'Soporte GoPro', 2900),
  (117, 117, 17, 1, 'Negro', 'Miniatura Auto', 4700),
  (118, 118, 18, 2, 'Negro', 'Gancho Pared', 2400),
  (119, 119, 19, 4, 'Blanco', 'Posavasos', 2800),
  (120, 120, 20, 1, 'Negro', 'Tapa Prototipo', 2600);

INSERT INTO detalle_venta (id, venta, producto, cantidad, color, descripcion_producto, total_detalle) VALUES
  (121, 121, 1, 1, 'Azul', 'Figura Boca Juniors', 5000),
  (122, 122, 2, 1, 'Azul', 'Mate Boca', 8500),
  (123, 123, 3, 2, 'Negro', 'Soporte Celular', 6000),
  (124, 124, 4, 1, 'Blanco', 'Maceta Baja', 4500),
  (125, 125, 5, 2, 'Negro', 'Organizador Cables', 4000),
  (126, 126, 6, 1, 'Negro', 'Engrane Muestra', 3800),
  (127, 127, 7, 3, 'Rojo', 'Llavero', 2400),
  (128, 128, 8, 1, 'Blanco', 'Caja Pequeña', 3500),
  (129, 129, 9, 4, 'Negro', 'Clip Bolsas', 2400),
  (130, 130, 10, 5, 'Blanco', 'Tapón Universal', 4500),
  (131, 131, 11, 1, 'Azul', 'Figura Star', 5200),
  (132, 132, 12, 1, 'Negro', 'Soporte Auriculares', 3200),
  (133, 133, 13, 2, 'Blanco', 'Porta Lápices', 3600),
  (134, 134, 14, 1, 'Negro', 'Carcasa Prototipo', 6200),
  (135, 135, 15, 1, 'Blanco', 'Organizador Tornillos', 4300),
  (136, 136, 16, 1, 'Azul', 'Soporte GoPro', 2900),
  (137, 137, 17, 1, 'Negro', 'Miniatura Auto', 4700),
  (138, 138, 18, 2, 'Negro', 'Gancho Pared', 2400),
  (139, 139, 19, 4, 'Blanco', 'Posavasos', 2800),
  (140, 140, 20, 1, 'Negro', 'Tapa Prototipo', 2600),
  (141, 141, 1, 1, 'Azul', 'Figura Boca Juniors', 5000),
  (142, 142, 2, 1, 'Azul', 'Mate Boca', 8500),
  (143, 143, 3, 2, 'Negro', 'Soporte Celular', 6000),
  (144, 144, 4, 1, 'Blanco', 'Maceta Baja', 4500),
  (145, 145, 5, 2, 'Negro', 'Organizador Cables', 4000),
  (146, 146, 6, 1, 'Negro', 'Engrane Muestra', 3800),
  (147, 147, 7, 3, 'Rojo', 'Llavero', 2400),
  (148, 148, 8, 1, 'Blanco', 'Caja Pequeña', 3500),
  (149, 149, 9, 4, 'Negro', 'Clip Bolsas', 2400),
  (150, 150, 10, 5, 'Blanco', 'Tapón Universal', 4500),
  (151, 151, 11, 1, 'Azul', 'Figura Star', 5200),
  (152, 152, 12, 1, 'Negro', 'Soporte Auriculares', 3200),
  (153, 153, 13, 2, 'Blanco', 'Porta Lápices', 3600),
  (154, 154, 14, 1, 'Negro', 'Carcasa Prototipo', 6200),
  (155, 155, 15, 1, 'Blanco', 'Organizador Tornillos', 4300),
  (156, 156, 16, 1, 'Azul', 'Soporte GoPro', 2900),
  (157, 157, 17, 1, 'Negro', 'Miniatura Auto', 4700),
  (158, 158, 18, 2, 'Negro', 'Gancho Pared', 2400),
  (159, 159, 19, 4, 'Blanco', 'Posavasos', 2800),
  (160, 160, 20, 1, 'Negro', 'Tapa Prototipo', 2600),
  (161, 161, 1, 1, 'Azul', 'Figura Boca Juniors', 5000),
  (162, 162, 2, 1, 'Azul', 'Mate Boca', 8500),
  (163, 163, 3, 2, 'Negro', 'Soporte Celular', 6000),
  (164, 164, 4, 1, 'Blanco', 'Maceta Baja', 4500),
  (165, 165, 5, 2, 'Negro', 'Organizador Cables', 4000),
  (166, 166, 6, 1, 'Negro', 'Engrane Muestra', 3800),
  (167, 167, 7, 3, 'Rojo', 'Llavero', 2400),
  (168, 168, 8, 1, 'Blanco', 'Caja Pequeña', 3500),
  (169, 169, 9, 4, 'Negro', 'Clip Bolsas', 2400),
  (170, 170, 10, 5, 'Blanco', 'Tapón Universal', 4500),
  (171, 171, 11, 1, 'Azul', 'Figura Star', 5200),
  (172, 172, 12, 1, 'Negro', 'Soporte Auriculares', 3200),
  (173, 173, 13, 2, 'Blanco', 'Porta Lápices', 3600),
  (174, 174, 14, 1, 'Negro', 'Carcasa Prototipo', 6200),
  (175, 175, 15, 1, 'Blanco', 'Organizador Tornillos', 4300),
  (176, 176, 16, 1, 'Azul', 'Soporte GoPro', 2900),
  (177, 177, 17, 1, 'Negro', 'Miniatura Auto', 4700),
  (178, 178, 18, 2, 'Negro', 'Gancho Pared', 2400),
  (179, 179, 19, 4, 'Blanco', 'Posavasos', 2800),
  (180, 180, 20, 1, 'Negro', 'Tapa Prototipo', 2600),
  (181, 181, 1, 1, 'Azul', 'Figura Boca Juniors', 5000),
  (182, 182, 2, 1, 'Azul', 'Mate Boca', 8500),
  (183, 183, 3, 2, 'Negro', 'Soporte Celular', 6000),
  (184, 184, 4, 1, 'Blanco', 'Maceta Baja', 4500),
  (185, 185, 5, 2, 'Negro', 'Organizador Cables', 4000),
  (186, 186, 6, 1, 'Negro', 'Engrane Muestra', 3800),
  (187, 187, 7, 3, 'Rojo', 'Llavero', 2400),
  (188, 188, 8, 1, 'Blanco', 'Caja Pequeña', 3500),
  (189, 189, 9, 4, 'Negro', 'Clip Bolsas', 2400),
  (190, 190, 10, 5, 'Blanco', 'Tapón Universal', 4500),
  (191, 191, 11, 1, 'Azul', 'Figura Star', 5200),
  (192, 192, 12, 1, 'Negro', 'Soporte Auriculares', 3200),
  (193, 193, 13, 2, 'Blanco', 'Porta Lápices', 3600),
  (194, 194, 14, 1, 'Negro', 'Carcasa Prototipo', 6200),
  (195, 195, 15, 1, 'Blanco', 'Organizador Tornillos', 4300),
  (196, 196, 16, 1, 'Azul', 'Soporte GoPro', 2900),
  (197, 197, 17, 1, 'Negro', 'Miniatura Auto', 4700),
  (198, 198, 18, 2, 'Negro', 'Gancho Pared', 2400),
  (199, 199, 19, 4, 'Blanco', 'Posavasos', 2800),
  (200, 200, 20, 1, 'Negro', 'Tapa Prototipo', 2600);
